{"cameraMode":{"drawMode":0,"name":"Shaded","section":"Shading Mode"},"sceneLighting":false,"audioPlay":false,"sceneViewState":{"m_AlwaysRefresh":false,"showFog":true,"showSkybox":false,"showFlares":true,"showImageEffects":true,"showParticleSystems":true,"showVisualEffectGraphs":true,"m_FxEnabled":true},"in2DMode":false,"pivot":{"x":0.08462604880332947,"y":-0.01883728802204132,"z":0.013709336519241333},"rotation":{"x":-0.12768273055553437,"y":0.8710373044013977,"z":-0.3073919415473938,"w":-0.36139971017837527},"size":0.14226436614990235,"orthographic":false}