{"cameraMode":{"drawMode":0,"name":"Shaded","section":"Shading Mode"},"sceneLighting":true,"audioPlay":false,"sceneViewState":{"m_AlwaysRefresh":false,"showFog":true,"showSkybox":true,"showFlares":true,"showImageEffects":true,"showParticleSystems":true,"showVisualEffectGraphs":true,"m_FxEnabled":true},"in2DMode":false,"pivot":{"x":-13.836609840393067,"y":1.401231050491333,"z":6.5725483894348148},"rotation":{"x":-0.09752102941274643,"y":0.8898089528083801,"z":-0.22507700324058534,"w":-0.38494303822517397},"size":5.1635003089904789,"orthographic":false}