{"cameraMode":{"drawMode":0,"name":"Shaded","section":"Shading Mode"},"sceneLighting":true,"audioPlay":false,"sceneViewState":{"m_AlwaysRefresh":false,"showFog":true,"showSkybox":true,"showFlares":true,"showImageEffects":true,"showParticleSystems":true,"showVisualEffectGraphs":true,"m_FxEnabled":true},"in2DMode":false,"pivot":{"x":-2.9774136543273927,"y":2.156101703643799,"z":1.2151403427124024},"rotation":{"x":0.07227475196123123,"y":0.9084818363189697,"z":-0.1766095757484436,"w":0.37184712290763857},"size":0.2660253643989563,"orthographic":false}