{"cameraMode":{"drawMode":0,"name":"Shaded","section":"Shading Mode"},"sceneLighting":true,"audioPlay":false,"sceneViewState":{"m_AlwaysRefresh":false,"showFog":true,"showSkybox":true,"showFlares":true,"showImageEffects":true,"showParticleSystems":true,"showVisualEffectGraphs":true,"m_FxEnabled":true},"in2DMode":false,"pivot":{"x":-1.5512049198150635,"y":0.495898574590683,"z":0.7898653745651245},"rotation":{"x":0.17429159581661225,"y":-0.058753207325935367,"z":0.010413533076643944,"w":0.9828915596008301},"size":0.3339746594429016,"orthographic":false}